Workbook

Sheet Dashboard
B2: Audspect / BAS — Findings Dashboard
B3: Auto-updates from the Findings Tracker. Severity x Likelihood drives Risk Score.
B5: =COUNTA('Findings Tracker'!$A$4:$A$64) -> 21 | D5: =COUNTIF('Findings Tracker'!$E$4:$E$64,"Critical") -> 5 | F5: =COUNTIF('Findings Tracker'!$E$4:$E$64,"High") -> 3 | H5: =COUNTIF('Findings Tracker'!$E$4:$E$64,"Medium") -> 8 | J5: =COUNTIF('Findings Tracker'!$E$4:$E$64,"Low") -> 5
B6: TOTAL FINDINGS | D6: CRITICAL | F6: HIGH | H6: MEDIUM | J6: LOW
B8: =COUNTIF('Findings Tracker'!$P$4:$P$64,"Open") -> 20 | D8: =COUNTIF('Findings Tracker'!$P$4:$P$64,"In Progress") -> 0 | F8: =COUNTIF('Findings Tracker'!$P$4:$P$64,"Fixed")+COUNTIF('Findings Tracker'!$P$4:$P$64,"Verified") -> 0 | H8: =IFERROR((COUNTIF('Findings Tracker'!$P$4:$P$64,"Fixed")+COUNTIF('Findings Tracker'!$P$4:$P$64,"Verified"))/COUNTA('Findings Tracker'!$A$4:$A$64),0) -> 0 | J8: =COUNTIFS('Findings Tracker'!$E$4:$E$64,"Critical",'Findings Tracker'!$P$4:$P$64,"Open")+COUNTIFS('Findings Tracker'!$E$4:$E$64,"High",'Findings Tracker'!$P$4:$P$64,"Open") -> 7
B9: OPEN | D9: IN PROGRESS | F9: RESOLVED | H9: % RESOLVED | J9: OPEN CRIT+HIGH
B12: By Severity | E12: By Status | H12: By Priority Wave
B13: Severity | C13: Count | E13: Status | F13: Count | H13: Wave | I13: Count
B14: Critical | C14: =COUNTIF('Findings Tracker'!$E$4:$E$64,"Critical") -> 5 | E14: Open | F14: =COUNTIF('Findings Tracker'!$P$4:$P$64,"Open") -> 20 | H14: Wave 0 | I14: =COUNTIF('Findings Tracker'!$O$4:$O$64,"Wave 0") -> 1
B15: High | C15: =COUNTIF('Findings Tracker'!$E$4:$E$64,"High") -> 3 | E15: In Progress | F15: =COUNTIF('Findings Tracker'!$P$4:$P$64,"In Progress") -> 0 | H15: Wave 1 | I15: =COUNTIF('Findings Tracker'!$O$4:$O$64,"Wave 1") -> 6
B16: Medium | C16: =COUNTIF('Findings Tracker'!$E$4:$E$64,"Medium") -> 8 | E16: Fixed | F16: =COUNTIF('Findings Tracker'!$P$4:$P$64,"Fixed") -> 0 | H16: Wave 2 | I16: =COUNTIF('Findings Tracker'!$O$4:$O$64,"Wave 2") -> 4
B17: Low | C17: =COUNTIF('Findings Tracker'!$E$4:$E$64,"Low") -> 5 | E17: Verified | F17: =COUNTIF('Findings Tracker'!$P$4:$P$64,"Verified") -> 0 | H17: Wave 3 | I17: =COUNTIF('Findings Tracker'!$O$4:$O$64,"Wave 3") -> 5
E18: Won't Fix | F18: =COUNTIF('Findings Tracker'!$P$4:$P$64,"Won't Fix") -> 0 | H18: Wave 4 | I18: =COUNTIF('Findings Tracker'!$O$4:$O$64,"Wave 4") -> 5
E19: Deferred | F19: =COUNTIF('Findings Tracker'!$P$4:$P$64,"Deferred") -> 0

Sheet Findings Tracker
A1: Audspect / BAS — Security & Maturity Findings Tracker
A2: Live tracker — edit the Severity, Likelihood, Effort, Wave, Status, Owner, Target Date and Notes columns; Risk Score/Rating and the Dashboard update automatically.
A3: ID | B3: Area | C3: Finding | D3: Location (file:line) | E3: Severity | F3: Likelihood | G3: Risk Score | H3: Risk Rating | I3: Business Impact | J3: Root Cause | K3: Suggested Fix | L3: Better / Alternative Approach | M3: Impact of Fixing | N3: Effort | O3: Priority Wave | P3: Status | Q3: Owner | R3: Target Date | S3: Notes
A4: A1 | B4: Secrets | C4: Live credentials committed to the repo (AWS / OpenRouter / OIDC) | D4: keys.txt, tenantID.txt, setting.json, Model Configurator.txt (repo root) | E4: Critical | F4: High | G4: =IF(E4="Critical",4,IF(E4="High",3,IF(E4="Medium",2,IF(E4="Low",1,0))))*IF(F4="High",3,IF(F4="Medium",2,IF(F4="Low",1,0))) -> 12 | H4: =IF(G4>=9,"Severe",IF(G4>=6,"High",IF(G4>=3,"Elevated",IF(G4>=1,"Low","-")))) -> Severe | I4: Anyone with the repo or its git history has working cloud/LLM/identity credentials -> possible AWS account takeover, LLM billing abuse, IdP abuse. Most urgent item. | J4: No secret-management boundary: secrets live in files inside the repo and nothing blocks committing them. | K4: 1) Rotate/revoke ALL exposed creds now (assume compromised). 2) Purge from git history (git filter-repo / BFG) + force-push. 3) Add to .gitignore + move to env vars / secrets manager (code already reads them from env). | L4: Add gitleaks/trufflehog as a pre-commit hook AND a CI gate that fails the build on any detected secret, so this can never recur. | M4: Removes an active breach path; nothing changes at runtime (app reads secrets from env/config). Restores trust for a security-vendor audience. | N4: Low | O4: Wave 0 | P4: Closed | S4: Manually deleted
A5: B1 | B5: Agent Trust | C5: Shared fleet-wide agent secret + guessable AgentID | D5: agent/identity.go, agent/config.go | E5: Critical | F5: Medium | G5: =IF(E5="Critical",4,IF(E5="High",3,IF(E5="Medium",2,IF(E5="Low",1,0))))*IF(F5="High",3,IF(F5="Medium",2,IF(F5="Low",1,0))) -> 8 | H5: =IF(G5>=9,"Severe",IF(G5>=6,"High",IF(G5>=3,"Elevated",IF(G5>=1,"Low","-")))) -> High | I5: One leaked endpoint secret can impersonate any agent; no per-agent authentication boundary. AgentID = SHA-256(hostname)[:16] is guessable. | J5: Auth modeled as a single shared bearer secret instead of per-agent identity. | K5: Issue per-agent credentials at enrollment (mTLS client cert OR per-agent token bound to agent_id, stored hashed). Keep a short-lived, rotated enrollment secret only to bootstrap the first credential. | L5: Prefer mTLS client certs (orchestrator as private CA) - also solves transport auth (B3) in one move. | M5: Shrinks blast radius from 'whole fleet' to 'one host'; extends the existing enrollment flow, so live deployments migrate on next enroll. | N5: Medium | O5: Wave 2 | P5: Open
A6: B2 | B6: Agent Trust | C6: Agent secret transmitted in the WebSocket URL query string | D6: agent/protocol/websocket.go:47; server: internal/api/handlers.go:238-242 | E6: Critical | F6: High | G6: =IF(E6="Critical",4,IF(E6="High",3,IF(E6="Medium",2,IF(E6="Low",1,0))))*IF(F6="High",3,IF(F6="Medium",2,IF(F6="Low",1,0))) -> 12 | H6: =IF(G6>=9,"Severe",IF(G6>=6,"High",IF(G6>=3,"Elevated",IF(G6>=1,"Low","-")))) -> Severe | I6: Secret leaks into proxy logs, load-balancer logs, and server access logs across the network path. | J6: Convenience - query params are the easiest thing to set on a WS dial. | K6: Send the credential in a handshake HEADER (gorilla Dial supports http.Header) or WS subprotocol, never the URL. Remove the ?agentSecret= fallback on the server once agents are updated. | L6: Server already prefers the X-Agent-Token header - just make header the ONLY accepted path. | M6: Stops credential disclosure via logs; no user-visible behavior change. Roll agents first, then delete the fallback. | N6: Low | O6: Wave 1 | P6: Open
A7: B3 | B7: Agent Trust | C7: No TLS certificate pinning; plaintext ws:// default | D7: agent/config.go (default http://localhost:9000); agent/agent.go (~1210) | E7: Critical | F7: Medium | G7: =IF(E7="Critical",4,IF(E7="High",3,IF(E7="Medium",2,IF(E7="Low",1,0))))*IF(F7="High",3,IF(F7="Medium",2,IF(F7="Low",1,0))) -> 8 | H7: =IF(G7>=9,"Severe",IF(G7>=6,"High",IF(G7>=3,"Elevated",IF(G7>=1,"Low","-")))) -> High | I7: A MITM presenting any trusted cert - or intercepting plaintext ws:// in a misconfig - gets fleet-wide SYSTEM/root RCE. | J7: Transport security left to defaults; no pinning; plaintext allowed unconditionally. | K7: Pin the orchestrator cert/public key (ship expected SPKI hash at enrollment; verify in tls.Config.VerifyPeerCertificate). Refuse plaintext ws:// unless an explicit --dev flag is set. | L7: With mTLS (B1) this becomes mutual pinning - strongest option for on-prem where you control both ends. | M7: Eliminates MITM path to RCE; on-prem operators control both ends so pinning is invisible to users. | N7: Medium | O7: Wave 1 | P7: Open
A8: B4 | B8: Agent Trust | C8: Server commands not signed; no local allow-list | D8: agent/agent.go:1249-1341; agent/executor*.go | E8: Critical | F8: Medium | G8: =IF(E8="Critical",4,IF(E8="High",3,IF(E8="Medium",2,IF(E8="Low",1,0))))*IF(F8="High",3,IF(F8="Medium",2,IF(F8="Low",1,0))) -> 8 | H8: =IF(G8>=9,"Severe",IF(G8>=6,"High",IF(G8>=3,"Elevated",IF(G8>=1,"Low","-")))) -> High | I8: After the handshake any well-formed WS frame is executed verbatim; a rogue/compromised orchestrator = arbitrary code on every endpoint. | J8: Trust placed entirely in the channel + server-side curation, with nothing verifiable at the agent. | K8: Sign scenario/command bundles server-side with the EXISTING RSA signing infra; agent verifies against a pinned public key baked at install before executing. | L8: Combine with B5 (local destructive-action guardrail) for defense-in-depth; even a compromised orchestrator process can't forge commands without the offline signing key. | M8: Reduces impact of orchestrator compromise from 'total' to 'cannot run unsigned commands'. Scenarios are already signed, so legit content is unaffected. | N8: Medium | O8: Wave 2 | P8: Open
A9: B5 | B9: Agent Safety | C9: No destructive-action guardrail on the agent | D9: agent/sched/riskgate.go; agent/snapshot_*.go | E9: High | F9: Medium | G9: =IF(E9="Critical",4,IF(E9="High",3,IF(E9="Medium",2,IF(E9="Low",1,0))))*IF(F9="High",3,IF(F9="Medium",2,IF(F9="Low",1,0))) -> 6 | H9: =IF(G9>=9,"Severe",IF(G9>=6,"High",IF(G9>=3,"Elevated",IF(G9>=1,"Low","-")))) -> High | I9: Reversibility covers only enumerated persistence surfaces; a destructive command outside them (real encryption, rm -rf, format) runs irreversibly as SYSTEM/root. | J9: 'Safety' delegated 100% to server-side curation; the agent has no independent notion of 'destructive'. | K9: Add a local, signed allow-list/denylist the agent enforces pre-execution (allowed executors, blocked wiper/format/mass-write patterns, file-mod rate cap). Fail-closed. | L9: Map the guardrail to the existing Posture/Telemetry/Lab tiers so Telemetry stays production-safe and only signed Lab grants unlock full tradecraft. | M9: Makes irreversible endpoint damage structurally impossible; preserves the intended 3-tier fidelity model, now enforced at the endpoint too. | N9: Medium | O9: Wave 2 | P9: Open
A10: C1 | B10: Multi-tenancy | C10: Row-Level Security designed but disabled (isolation not enforced) | D10: internal/db/postgres.go:1256-1271; internal/db/tenant.go | E10: High | F10: Medium | G10: =IF(E10="Critical",4,IF(E10="High",3,IF(E10="Medium",2,IF(E10="Low",1,0))))*IF(F10="High",3,IF(F10="Medium",2,IF(F10="Low",1,0))) -> 6 | H10: =IF(G10>=9,"Severe",IF(G10>=6,"High",IF(G10>=3,"Elevated",IF(G10>=1,"Low","-")))) -> High | I10: Any query path that forgets the tenant filter leaks cross-tenant data. Claiming multi-tenant isolation today would be inaccurate. | J10: Multi-tenancy shipped as scaffolding (columns + seam) pending a 'future migration'; ENABLE/FORCE RLS left commented; WithTenant used in ~5 places. | K10: ENABLE+FORCE RLS on every tenant table (policy USING tenant_id = current_setting('app.tenant_id')). Route ALL request DB access through WithTenant. Turn on the existing DB role hardening (NOBYPASSRLS). Add cross-tenant isolation tests. | L10: For single-tenant on-prem, set one default tenant so RLS is a no-op that still hardens the path - enable it now with zero behavior change; it becomes load-bearing only if you sell SaaS. | M10: Turns claimed isolation into enforced isolation; unblocks any future multi-tenant SaaS offering. DECISION NEEDED: finish this, or scope messaging to single-tenant on-prem. | N10: Large | O10: Wave 3 | P10: Open
A11: D1 | B11: Supply Chain | C11: No Authenticode / macOS notarization on binaries | D11: packaging/signing/* (GPG-only) | E11: High | F11: Medium | G11: =IF(E11="Critical",4,IF(E11="High",3,IF(E11="Medium",2,IF(E11="Low",1,0))))*IF(F11="High",3,IF(F11="Medium",2,IF(F11="Low",1,0))) -> 6 | H11: =IF(G11>=9,"Severe",IF(G11>=6,"High",IF(G11>=3,"Elevated",IF(G11>=1,"Low","-")))) -> High | I11: Windows agent+installer and macOS binaries are unsigned for OS trust -> SmartScreen/Gatekeeper friction, easier trojanization, weaker enterprise trust for a security vendor. | J11: Signing pipeline built for air-gapped GPG verification, never extended to OS-native code signing. | K11: Add Authenticode (signtool /fd sha256 /tr <timestamp>) for Windows agent+installer; codesign + notarize + staple for macOS, using an HSM/EV cert in the release pipeline. | L11: Keep GPG for air-gapped verification (belt and suspenders). | M11: Removes install-time warnings, raises supply-chain assurance for BFSI buyers; purely additive - runtime behavior unchanged. | N11: Medium | O11: Wave 2 | P11: Open
A12: D2 | B12: Supply Chain | C12: Agent binary not obfuscated (documented) | D12: packaging/build.sh:48 | E12: Low | F12: Low | G12: =IF(E12="Critical",4,IF(E12="High",3,IF(E12="Medium",2,IF(E12="Low",1,0))))*IF(F12="High",3,IF(F12="Medium",2,IF(F12="Low",1,0))) -> 1 | H12: =IF(G12>=9,"Severe",IF(G12>=6,"High",IF(G12>=3,"Elevated",IF(G12>=1,"Low","-")))) -> Low | I12: Agent strings/symbols are trivially reversible, easing evasion. Lower severity than the trust items. | J12: Toolchain incompatibility (garble vs x/sys assembly); only the orchestrator is garbled. | K12: Selectively obfuscate packages that don't pull x/sys asm, or adopt a garble config that tolerates it. | L12: Accept that endpoint agents are inherently reversible and rely on B1-B4 (identity + signing) for security; treat obfuscation as defense-in-depth only, not a control. | M12: Marginally raises reverse-engineering cost; not a security control on its own. | N12: Medium | O12: Wave 4 | P12: Open
A13: F1 | B13: API / Web | C13: Non-constant-time agent-secret comparison | D13: internal/api/handlers.go:242 | E13: Medium | F13: Low | G13: =IF(E13="Critical",4,IF(E13="High",3,IF(E13="Medium",2,IF(E13="Low",1,0))))*IF(F13="High",3,IF(F13="Medium",2,IF(F13="Low",1,0))) -> 2 | H13: =IF(G13>=9,"Severe",IF(G13>=6,"High",IF(G13>=3,"Elevated",IF(G13>=1,"Low","-")))) -> Low | I13: String == on a secret is a timing side-channel; theoretical secret recovery. | J13: Default comparison used for a secret value. | K13: Use subtle.ConstantTimeCompare([]byte(provided),[]byte(secret)) == 1. | L13: Becomes moot once B1 per-agent tokens land, but fix regardless (one line). | M13: Closes a timing side-channel; trivial change, no behavior impact. | N13: Low | O13: Wave 1 | P13: Open
A14: F2 | B14: API / Web | C14: CORS wildcard on the Python API | D14: api/main.py:38-40 | E14: Medium | F14: Medium | G14: =IF(E14="Critical",4,IF(E14="High",3,IF(E14="Medium",2,IF(E14="Low",1,0))))*IF(F14="High",3,IF(F14="Medium",2,IF(F14="Low",1,0))) -> 4 | H14: =IF(G14>=9,"Severe",IF(G14>=6,"High",IF(G14>=3,"Elevated",IF(G14>=1,"Low","-")))) -> Elevated | I14: allow_origins=['*'] with '*' methods/headers lets any origin call the API from a browser (CSRF / data exposure). | J14: Permissive default left in. | K14: Set allow_origins to the explicit console origin(s) from config; drop wildcard methods/headers to the actual set used; never combine '*' origins with credentials. | L14: The SPA is same-origin (served by the orchestrator), so locking origins doesn't break it. | M14: Removes cross-origin data-exposure surface; no impact on the real console. | N14: Low | O14: Wave 1 | P14: Open
A15: F3 | B15: API / Web | C15: Browser WebSocket CheckOrigin always returns true | D15: internal/ws/hub.go:17 | E15: Medium | F15: Medium | G15: =IF(E15="Critical",4,IF(E15="High",3,IF(E15="Medium",2,IF(E15="Low",1,0))))*IF(F15="High",3,IF(F15="Medium",2,IF(F15="Low",1,0))) -> 4 | H15: =IF(G15>=9,"Severe",IF(G15>=6,"High",IF(G15>=3,"Elevated",IF(G15>=1,"Low","-")))) -> Elevated | I15: The browser hub upgrader accepts any origin -> cross-site WebSocket hijacking of the browser channel. | J15: Placeholder permissive check. | K15: Validate Origin against the configured public base URL / allowed origins for browser connections; keep the credentialed agent WS path separate. | L15: Legit console connects same-origin, so validation is invisible to users. | M15: Closes a CSWSH vector; no user-visible change. | N15: Low | O15: Wave 1 | P15: Open
A16: F4 | B16: API / Web | C16: No JWT secret entropy/length check | D16: orchestrator/config/config.go:280-281 | E16: Medium | F16: Medium | G16: =IF(E16="Critical",4,IF(E16="High",3,IF(E16="Medium",2,IF(E16="Low",1,0))))*IF(F16="High",3,IF(F16="Medium",2,IF(F16="Low",1,0))) -> 4 | H16: =IF(G16>=9,"Severe",IF(G16>=6,"High",IF(G16>=3,"Elevated",IF(G16>=1,"Low","-")))) -> Elevated | I16: A weak/short JWT_SECRET is accepted; HS256 security depends entirely on secret entropy -> forgeable tokens. | J16: Presence of the secret is checked, strength is not. | K16: Require >=32 bytes (reject known-default/low-entropy values); fail closed at boot with a clear message. Optionally support RS256 with a keypair for large deployments. | L16: Existing strong secrets pass; only weak ones are rejected - which is the point. | M16: Prevents token forgery from weak secrets; fails safely at startup. | N16: Low | O16: Wave 1 | P16: Open
... A24: J3 | B24: Hygiene | C24: ~40MB media/binaries at repo root | D24: *.mp4, *.PNG, sample PDFs, 10MB CSV, *.docx, BASAgent.pdb | E24: Low | F24: Low | G24: =IF(E24="Critical",4,IF(E24="High",3,IF(E24="Medium",2,IF(E24="Low",1,0))))*IF(F24="High",3,IF(F24="Medium",2,IF(F24="Low",1,0))) -> 1 | H24: =IF(G24>=9,"Severe",IF(G24>=6,"High",IF(G24>=3,"Elevated",IF(G24>=1,"Low","-")))) -> Low | I24: Slow clones, bloated history. | J24: Binaries committed directly to git. | K24: Move to Git LFS or an artifact store; keep the repo to source + small assets. | L24: Consider a history rewrite (with the A1 purge) to reclaim history size. | M24: Faster clones/CI; leaner history. | N24: Low | O24: Wave 4 | P24: Open

Sheet Legend & How-to-use
A1: Legend & How to use this tracker
A3: How to use
A4: • Work only in the Findings Tracker tab. Edit the coloured dropdown columns and the free-text Owner/Target/Notes.
A5: • Risk Score = Severity weight (Critical4/High3/Medium2/Low1) x Likelihood weight (High3/Med2/Low1). It recalculates when you change the dropdowns.
A6: • The Dashboard tab auto-updates from the tracker via COUNTIF formulas — no manual edits needed there.
A7: • To add a finding, type in the first empty row inside the table; the table and dropdowns extend automatically. The Risk Score/Rating formulas auto-fill.
A8: • Rows marked Fixed or Verified are tinted green in the ID column.
A10: Severity
A11: Critical | B11: Exploitable now / active exposure; fix immediately (breach path or fleet-wide RCE).
A12: High | B12: Serious weakness; enforce before production / GA.
A13: Medium | B13: Real risk; schedule within the normal hardening cycle.
A14: Low | B14: Hygiene / minor; fix opportunistically.
A16: Status values
A17: Open | B17: Not started.
A18: In Progress | B18: Being worked on.
A19: Fixed | B19: Change made, awaiting verification.
A20: Verified | B20: Fix confirmed effective.
A21: Won't Fix | B21: Accepted risk / out of scope (document why in Notes).
A22: Deferred | B22: Planned for a later wave.
A24: Priority Waves (from the assessment report)
A25: Wave 0 | B25: Today — contain the breach (rotate & purge committed secrets).
A26: Wave 1 | B26: Sprint 1 — shrink the RCE blast radius (transport, CORS, WS origin, JWT, header auth).
A27: Wave 2 | B27: Sprint 2-3 — finish the agent trust model (per-agent creds, command signing, guardrail, code signing).
A28: Wave 3 | B28: Sprint 4+ — production maturity (RLS, migrations, observability, XSS, tests).
A29: Wave 4 | B29: Cleanup & strategy (repo hygiene, obfuscation, modularize SPA).
A31: Source
A32: Report | B32: AUDSPECT_ASSESSMENT_REPORT.md (repo root) — full narrative, root causes and code-level fixes.
A33: Generated | B33: 2026-09-26, from a full static review + live local deployment. Secret values intentionally omitted.
